{"default":{"identifier":"default","description":"Capability for the main window","local":true,"windows":["main","SumSpellOverlay"],"permissions":["core:default","opener:default","core:window:allow-set-position"]},"window-control":{"identifier":"window-control","description":"Custom titlebar & window controls","local":true,"windows":["*"],"webviews":["*"],"permissions":["core:window:allow-close","core:window:allow-minimize","core:window:allow-maximize","core:window:allow-unmaximize","core:window:allow-toggle-maximize","core:window:allow-is-maximized","core:window:allow-start-dragging","core:window:allow-start-resize-dragging"],"platforms":["linux","macOS","windows"]}}