{
  "identifier": "window-control",
  "description": "Custom titlebar & window controls",
  "platforms": ["linux", "macOS", "windows"],
  "windows": ["*"],
  "webviews": ["*"],
  "permissions": [
    "core:window:allow-close",
    "core:window:allow-minimize",
    "core:window:allow-maximize",
    "core:window:allow-unmaximize",
    "core:window:allow-toggle-maximize",
    "core:window:allow-is-maximized",
    "core:window:allow-start-dragging",
    "core:window:allow-start-resize-dragging"
  ]
}
